"","X","Length","Width","MeanThick","Max_Thick","Weight","Surface.Plat","Platfom_Depth","Cortex","No_Scars","Termination_type","EPA","Log_Weight","Log_Max_Thick","Log_Plat","Log_Plat_De"
"1",1,51.3,29.8,10.0666666666667,13.1,17.83,83.585,7.3,5,4,"Feather",51,1.25115134317535,1.11727129565576,1.92212834679636,0.863322860120456
"2",2,49.1,30,8.56666666666667,9.7,13.33,90.48,7.8,5,3,"Feather",70,1.12483014941386,0.986771734266245,1.9565525919174,0.89209460269048
"3",3,30.8,43.8,11.5666666666667,16.8,20.33,40.5,3.6,3,2,"Feather",35,1.30813737863804,1.22530928172586,1.60745502321467,0.556302500767287
"4",4,30.2,19.6,5.5,6.7,3.98,59.67,5.1,5,3,"Feather",66,0.599883072073688,0.826074802700826,1.7757560378441,0.707570176097936
"5",5,57.1,37.8,11.1666666666667,13.3,22.18,109.8,12,4,3,"Feather",68,1.34596154181314,1.12385164096709,2.04060234011407,1.07918124604762
"6",6,37.5,34.2,5.46666666666667,6.7,7.97,51.34,6.8,5,1,"Hinge",65,0.901458321396112,0.826074802700826,1.71045586433542,0.832508912706236
"7",7,65.6,41.9,10.4,14.6,24.16,93.84,10.2,5,2,"Feather",67,1.38309692994909,1.16435285578444,1.97238799910747,1.00860017176192
"8",8,86.8,70.8,16.0666666666667,19.2,96.2,210.625,12.5,5,3,"Step",66,1.98317507203781,1.28330122870355,2.32350991821541,1.09691001300806
"9",9,39.2,54.7,16.7,27.3,31.7,17.46,3.6,5,2,"Feather",30,1.50105926221775,1.43616264704076,1.24204423936955,0.556302500767287
"10",10,49.2,60.6,11.2333333333333,14,40.16,158.08,12.8,5,2,"Hinge",68,1.60379370413696,1.14612803567824,2.19887692724355,1.10720996964787
"11",11,35.1,29.1,9.96666666666667,14.2,10.37,73.08,16.8,4,3,"Feather",74,1.01577875638904,1.15228834438306,1.8637985386805,1.22530928172586
"12",12,36.9,27.6,8.66666666666667,9.9,7.57,9,3,5,3,"Feather",70,0.879095879500073,0.99563519459755,0.954242509439325,0.477121254719662
"13",13,44.5,29.6,8.1,9.6,11.91,158.27,9.8,5,3,"Hinge",68,1.07591176148278,0.982271233039568,2.19939860235962,0.991226075692495
"14",14,39.5,33.6,8.76666666666667,11,9.21,23.305,5.9,5,2,"Feather",71,0.964259630196849,1.04139268515823,1.3674491072686,0.770852011642144
"15",15,37.2,28,15.1,17.9,15.66,3.96,1.8,5,3,"Feather",80,1.19479175772192,1.25285303097989,0.597695185925512,0.255272505103306
"16",16,25.6,25.5,4.76666666666667,6.2,3.77,44.88,6.8,5,2,"Feather",70,0.576341350205793,0.792391689498254,1.6520528482481,0.832508912706236
"17",17,38.3,22,6.96666666666667,8.4,6.17,15.3152641862502,2.5,5,2,"Hinge",59,0.790285164033242,0.924279286061882,1.18512449272869,0.397940008672038
"18",18,36.2,34.2,7.93333333333333,9.3,10.8,159.25,9.1,5,5,"Hinge",76,1.03342375548695,0.968482948553935,2.20207944100739,0.959041392321094
"19",19,43.6,25.5,8.5,9.4,8.66,15.81,3.1,5,2,"Feather",60,0.937517892017347,0.973127853599699,1.19893186993221,0.491361693834273
"20",20,45.7,34.5,11.3333333333333,16.9,15.39,62.1,6,5,2,"Feather",100,1.18723861983148,1.22788670461367,1.79309160017658,0.778151250383644
"21",21,32.8,36.4,11.7666666666667,13.7,9.5,38.7,4.5,5,3,"Feather",69,0.977723605288848,1.13672056715641,1.58771096501891,0.653212513775344
"22",22,26.6,16,3.9,5,1.86,25.1013253021824,3.4,5,3,"Feather",74,0.269512944217916,0.698970004336019,1.39969665200813,0.531478917042255
"23",23,59.6,20.4,9.13333333333333,9.8,12.91,38.88,7.2,5,1,"Feather",65,1.11092624226642,0.991226075692495,1.58972625625424,0.857332496431269
"24",24,16.5,36.2,6.63333333333333,7.1,3.53,28.91,5.9,5,1,"Hinge",56,0.547774705387823,0.851258348719075,1.46104809167066,0.770852011642144
"25",25,34.3,25.4,11.2,14.1,11.48,115.7,13,3,2,"Feather",56,1.05994188806195,1.14921911265538,2.06333335895175,1.11394335230684
"26",26,28,27.2,7,7.1,5.36,31.11,5.1,5,3,"Feather",66,0.72916478969277,0.851258348719075,1.4929000111087,0.707570176097936
"27",27,23,15.8,6.33333333333333,7.3,2.13,4.71238898038469,2,5,2,"Feather",55,0.328379603438738,0.863322860120456,0.673241131749815,0.301029995663981
"28",28,37.1,29.3,7.56666666666667,9.6,6.55,19.92,4.8,5,2,"Inflexed",98,0.816241299991783,0.982271233039568,1.29928933408768,0.681241237375587
"29",29,31.3,23.4,6.46666666666667,10.3,3.43,23.075,6.5,5,2,"Feather",86,0.535294120042771,1.01283722470517,1.36314170969795,0.812913356642856
"30",30,57.4,37.9,9.43333333333333,12.3,22.36,46.4,8,5,3,"Feather",76,1.34947179921439,1.0899051114394,1.66651798055488,0.903089986991944
"31",31,40.1,35.1,15.5,20.9,20.41,136,8,5,2,"Feather",77,1.30984300471607,1.32014628611105,2.13353890837022,0.903089986991944
"32",32,31.7,35.2,8.76666666666667,10.5,10.72,25.74,4.4,3,2,"Feather",72,1.03019478535675,1.02118929906994,1.41060854256837,0.643452676486187
"33",33,27.2,25.8,7.46666666666667,9.3,5.12,69.69,10.1,4,3,"Feather",64,0.709269960975831,0.968482948553935,1.8431704645199,1.00432137378264
"34",34,49.3,38.6,10.1333333333333,12.5,16.9,75.375,6.7,5,4,"Feather",75,1.22788670461367,1.09691001300806,1.87722732514821,0.826074802700826
"35",35,37.1,25.1,6.5,8.9,5.78,15.0325208474272,3.3,5,2,"Feather",79,0.761927838420529,0.949390006644913,1.177031814807,0.518513939877887
"36",36,29.5,29.1,4.96666666666667,6.3,4.01,11.1605079018777,2.9,5,2,"Feather",55,0.603144372620182,0.799340549453582,1.04768395929364,0.462397997898956
"37",37,40,26.1,5.76666666666667,7.6,6.98,28.08,5.2,5,3,"Feather",75,0.843855422623161,0.880813592280791,1.44839710345777,0.716003343634799
"38",38,39.2,47.7,10.5333333333333,13.8,11.87,86.92,5.3,4,3,"Feather",85,1.07445071895459,1.13987908640124,1.93911971764849,0.724275869600789
"39",39,64.9,33,17.8333333333333,18.5,37.23,85.12,12.8,5,3,"Feather",84,1.57089303621839,1.26717172840301,1.93003161495097,1.10720996964787
"40",40,51.1,57,18.5333333333333,20.8,49.56,53.6,8,5,3,"Feather",65,1.69513129770403,1.31806333496276,1.72916478969277,0.903089986991944
"41",41,62.9,36,6.83333333333333,7.8,12.26,50.325,5.5,5,3,"Feather",76,1.0884904701824,0.89209460269048,1.70178378356069,0.740362689494244
"42",42,73.5,74.5,14.8666666666667,24.5,68.7,189.07,14.6,5,2,"Feather",55,1.83695673705955,1.38916608436453,2.27662262420171,1.16435285578444
"43",43,60.3,65.9,11.8333333333333,13.5,36.07,62.8,8,5,3,"Feather",75,1.55714614231836,1.13033376849501,1.7979596437372,0.903089986991944
"44",44,59.6,59.5,13.8666666666667,19.3,50.71,75.435,4.7,5,4,"Inflexed",68,1.70509361054787,1.28555730900777,1.87757289467661,0.672097857935718
"45",45,20.8,29.3,6.4,8,3.53,25.5,6,5,2,"Feather",60,0.547774705387823,0.903089986991944,1.40654018043396,0.778151250383644
"46",46,36.3,48.3,17.1333333333333,21.3,18.36,96.46,10.6,5,2,"Feather",65,1.26387267686522,1.32837960343874,1.98434725758586,1.02530586526477
"47",47,46.4,41,12.3666666666667,16.9,24.23,119.795,9.7,5,3,"Feather",53,1.38435341413751,1.22788670461367,2.07843869186193,0.986771734266245
"48",48,34,46.8,7.66666666666667,9.3,13.1,62.7,3,5,3,"Feather",70,1.11727129565576,0.968482948553935,1.79726754083072,0.477121254719662
"49",49,21.9,33.1,5.83333333333333,6.3,5.04,76.5920288945192,5.3,5,1,"Feather",70,0.702430536445525,0.799340549453582,1.8841835739765,0.724275869600789
"50",50,21.2,36.7,5.33333333333333,7.1,3.94,43.89,5.7,5,1,"Feather",66,0.595496221825574,0.851258348719075,1.64236558084497,0.755874855672491
"51",51,59,49.5,9.46666666666667,12.6,21.36,85.33,5.3,2,1,"Feather",65,1.32960124835652,1.10037054511756,1.93110174563264,0.724275869600789
"52",52,21.1,44,5.46666666666667,7,3.85,19.9569673319292,3.3,5,2,"Feather",71,0.585460729508501,0.845098040014257,1.30009454641654,0.518513939877887
"53",53,28.5,36.6,6.36666666666667,7.1,6.6,28.98,4.6,5,3,"Feather",69,0.819543935541869,0.851258348719075,1.46209838113516,0.662757831681574
"54",54,37.1,64.3,10.2,11.8,24.51,107.206849303752,6.5,3,2,"Feather",69,1.38934331125208,1.07188200730613,2.03022253274295,0.812913356642856
"55",55,56.7,39,10.4333333333333,12.8,26.21,191.08,13.6,2,2,"Feather",66,1.4184670209466,1.10720996964787,2.28121523261132,1.13353890837022
"56",56,46.8,47.5,10.5333333333333,12.5,18.99,126,8.4,3,3,"Feather",69,1.27852496473702,1.09691001300806,2.10037054511756,0.924279286061882
"57",57,46.8,31.6,9.03333333333333,11,12.75,38.36,5.6,4,3,"Feather",56,1.10551018476997,1.04139268515823,1.58387859849863,0.7481880270062
"58",58,45.8,51.9,7.56666666666667,8.3,20.09,52.2,5.8,2,2,"Feather",64,1.30297993674825,0.919078092376074,1.71767050300226,0.763427993562937
"59",59,29.3,27.2,5.86666666666667,6.8,4.09,41.14,6.8,4,2,"Feather",81,0.611723308007342,0.832508912706236,1.61426428735871,0.832508912706236
"60",60,21.9,21.7,5.43333333333333,5.7,2.1,30.96,4.3,5,1,"Feather",85,0.322219294733919,0.755874855672491,1.49080095201085,0.633468455579587
"61",61,36.6,30.7,4.33333333333333,4.8,4.43,36.66,5.2,4,2,"Feather",74,0.64640372622307,0.681241237375587,1.5641924606262,0.716003343634799
"62",62,29.6,26.5,6.16666666666667,6.9,6.01,51.66,6.3,2,1,"Feather",65,0.77887447200274,0.838849090737255,1.7131544018373,0.799340549453582
"63",63,39.5,44.7,6.06666666666667,8.9,10.12,92.82,8.4,1,0,"Feather",56,1.00518051250378,0.949390006644913,1.96764156408301,0.924279286061882
"64",64,53.4,63.5,8.93333333333333,11.5,30.29,130.061935858617,8,1,0,"Hinge",66,1.48129927333286,1.06069784035361,2.11415021381503,0.903089986991944
"65",65,29.9,46.4,7.36666666666667,9.6,8.76,62.7,9.5,1,0,"Feather",68,0.942504106168081,0.982271233039568,1.79726754083072,0.977723605288848
"66",66,25,36.7,7.1,9.1,6.27,108.3,7.6,2,1,"Feather",50,0.797267540830716,0.959041392321094,2.03462845662532,0.880813592280791
"67",67,36.1,45.3,5.5,6.4,9.01,28.085,4.1,2,1,"Feather",71,0.954724790979063,0.806179973983887,1.44847442821216,0.612783856719735
"68",68,25.2,34.8,4.2,5,3.35,41,5,4,2,"Feather",65,0.525044807036845,0.698970004336019,1.61278385671974,0.698970004336019
"69",69,19.7,24.4,5.06666666666667,6,2.22,21.34,4.4,2,1,"Feather",64,0.346352974450639,0.778151250383644,1.32919441508845,0.643452676486187
"70",70,26.2,42.9,9,12.5,10.81,115.359282239817,10.8,1,0,"Feather",65,1.03382569395331,1.09691001300806,2.06205254522334,1.03342375548695
"71",71,42.8,50.2,8.96666666666667,11.3,14.55,55.5590660787355,5.4,1,0,"Feather",64,1.16286299332193,1.05307844348342,1.7447549368449,0.732393759822969
"72",72,65.2,39.4,15.2333333333333,17.1,30.63,35.175,6.7,4,2,"Feather",55,1.48614699680657,1.23299611039215,1.54623410610678,0.826074802700826
"73",73,64.9,42.2,15.4,17.7,42.76,130.82,12.4,5,4,"Feather",66,1.63103769653674,1.24797326636181,2.11667414479595,1.09342168516224
"74",74,66.5,48.4,7.93333333333333,8.6,24.26,109.2,9.1,3,2,"Feather",60,1.38489079653055,0.934498451243568,2.03822263836872,0.959041392321094
"75",75,63.1,44.8,11.6333333333333,14.6,33.14,61.92,8.6,1,0,"Feather",68,1.52035250408332,1.16435285578444,1.79183094767484,0.934498451243568
"76",76,37.2,29.1,5.66666666666667,8.1,7.32,39.75,5.3,3,2,"Hinge",65,0.864511081058392,0.90848501887865,1.59933713299249,0.724275869600789
"77",77,61.3,40.4,15.1,17,42.51,63.6172512351933,4.5,2,1,"Feather",74,1.62849110496712,1.23044892137827,1.80357490024482,0.653212513775344
"78",78,67,48.7,6.56666666666667,9.5,25.53,74,8,1,0,"Feather",72,1.40705081480425,0.977723605288848,1.86923171973098,0.903089986991944
"79",79,44.9,54,12.1,16.6,26.29,85.56,9.2,3,1,"Feather",72,1.41979058610636,1.22010808804006,1.93227077589949,0.963787827345555
"80",80,62.5,59.8,10.9333333333333,12.3,43.44,149.175,6.5,3,3,"Feather",65,1.63788981658079,1.0899051114394,2.17369604651614,0.812913356642856
"81",81,46.7,44,6.66666666666667,9.3,13.43,95.04,8.8,5,2,"Hinge",69,1.12807601266872,0.968482948553935,1.97790642763712,0.944482672150169
"82",82,46.1,28.2,7.23333333333333,10.2,8.41,76.23,6.6,4,2,"Feather",63,0.924795995797912,1.00860017176192,1.88212591977003,0.819543935541869
"83",83,61.5,56.5,10,11.9,29.64,120.5,24.1,5,4,"Feather",76,1.47187819930729,1.07554696139253,2.08098704691089,1.38201704257487
"84",84,71.1,50.8,9.43333333333333,10.9,25.76,63.92,6.8,5,4,"Feather",70,1.41094585868777,1.03742649794062,1.80563676630593,0.832508912706236
"85",85,74,44.5,12.7,14.7,45.23,199.555,10.7,5,3,"Feather",65,1.65542658774592,1.16731733474818,2.30006261382992,1.02938377768521
"86",86,69.8,45.2,9.76666666666667,13.4,28.66,62.7,4.4,4,3,"Feather",56,1.45727618606133,1.12710479836481,1.79726754083072,0.643452676486187
"87",87,83,41.7,12.4666666666667,14.2,39.97,53.295,5.7,5,5,"Feather",65,1.6017341482601,1.15228834438306,1.72668646654501,0.755874855672491
"88",88,74.1,45,6.96666666666667,9.3,26.89,30.21,5.3,5,4,"Feather",75,1.4295908022233,0.968482948553935,1.48015072527328,0.724275869600789
"89",89,40.4,42.7,4.2,5.4,6.93,67.92,4.8,5,2,"Feather",83,0.840733234611807,0.732393759822969,1.8319976772359,0.681241237375587
"90",90,47.2,48,15.0333333333333,19.9,37.34,110.16,10.8,5,4,"Feather",75,1.57217431361306,1.29885307640971,2.04202392724887,1.03342375548695
"91",91,45,40,5.96666666666667,8.1,8.66,43.3539786195391,4,5,3,"Feather",74,0.937517892017347,0.90848501887865,1.63702895909537,0.602059991327962
"92",92,74.2,43.8,7.16666666666667,8.5,15.36,41.8,5.5,5,4,"Feather",76,1.18639121569549,0.929418925714293,1.62117628177504,0.740362689494244
"93",93,60.8,58.5,7.83333333333333,8.9,23.1,15.3388261311522,3.1,2,1,"Feather",80,1.36361197989214,0.949390006644913,1.18579212465403,0.491361693834273
"94",94,50.6,54.3,13.3333333333333,19.4,48.01,78.57,5.4,2,1,"Feather",59,1.68133170596917,1.28780172993023,1.89525675314489,0.732393759822969
"95",95,60,41.2,8.83333333333333,11.3,25,64.155,4.7,2,2,"Feather",56,1.39794000867204,1.05307844348342,1.80723050931249,0.672097857935718
"96",96,48.6,34.5,13.1,14.7,21.9,222.48,10.8,3,2,"Feather",72,1.34044411484012,1.16731733474818,2.3472909758561,1.03342375548695
"97",97,62.6,52.6,12.4333333333333,15.5,29.21,237.14,14.2,4,2,"Feather",70,1.46553155697355,1.19033169817029,2.37500481553064,1.15228834438306
"98",98,65.1,50,15.4,19.2,38.31,119.36,6.4,3,2,"Feather",70,1.58331215198308,1.28330122870355,2.07685881012859,0.806179973983887
"99",99,48.8,43.4,8.06666666666667,10.4,19.22,9.42477796076938,2,2,1,"Feather",54,1.28375338333253,1.01703333929878,0.974271127413796,0.301029995663981
"100",100,44.9,47.5,9.26666666666667,10.9,13.41,33,5,2,1,"Feather",85,1.1274287778516,1.03742649794062,1.51851393987789,0.698970004336019
"101",101,43.1,33.2,11.4333333333333,13.7,17.23,46.8,7.8,3,3,"Feather",56,1.23628527744803,1.13672056715641,1.67024585307412,0.89209460269048
"102",102,39.5,46.9,10.1333333333333,13.4,13.9,120.625,12.5,2,2,"Feather",56,1.1430148002541,1.12710479836481,2.08143732635185,1.09691001300806
"103",103,60.6,52.4,11.0666666666667,15.1,27.37,168.2,11.6,1,0,"Feather",65,1.43727479741012,1.17897694729317,2.22582599146189,1.06445798922692
"104",104,66.8,40.8,9.4,10.5,25.98,108.102203210025,6.2,5,4,"Feather",67,1.41463914673701,1.02118929906994,2.03383454531506,0.792391689498254
"105",105,84.4,46,15.1333333333333,17.4,78.35,108,12,4,5,"Feather",69,1.89403900080461,1.2405492482826,2.03342375548695,1.07918124604762
"106",106,39.6,48.5,13,17.2,20.57,26.145,6.3,5,3,"Feather",70,1.31323429169472,1.23552844690755,1.41738864616567,0.799340549453582
"107",107,49.8,38.1,5.83333333333333,7.5,10.97,22.5487812711407,3.3,5,2,"Feather",71,1.04020662757471,0.8750612633917,1.35312307386268,0.518513939877887
"108",108,59.7,38.2,6.56666666666667,7.5,17.95,92.96,5.6,5,4,"Feather",68,1.25406445291434,0.8750612633917,1.96829611504626,0.7481880270062
"109",109,81.7,49.1,14.6666666666667,19.3,48.31,143.22,9.3,4,3,"Feather",75,1.68403703748652,1.28555730900777,2.1560036693904,0.968482948553935
"110",110,86.6,84.5,10.8333333333333,11.5,50.75,97.16,5.6,3,2,"Feather",76,1.70543604658525,1.06069784035361,1.98748750613309,0.7481880270062
"111",111,51.4,36.8,11.2666666666667,14,20.51,221.88,12.9,5,3,"Feather",70,1.31196566036837,1.14612803567824,2.3461181572068,1.11058971029925
"112",112,82.1,54.2,12.5666666666667,15.6,55.89,215.45,13.9,3,3,"Hinge",60,1.7473341096159,1.19312459835446,2.33334649842439,1.1430148002541
"113",113,52.8,42.8,8.1,10.7,19.38,10.8384946548848,2.3,3,1,"Hinge",70,1.28735377271475,1.02938377768521,1.03496896776741,0.361727836017593
"114",114,81,65.4,19.8666666666667,26.5,121.41,241.022988383409,11.2,1,0,"Feather",59,2.08425445911123,1.42324587393681,2.38205846685674,1.04921802267018
"115",115,56.4,31.7,10.1666666666667,12.9,18.2,106.605,10.3,4,1,"Feather",61,1.26007138798507,1.11058971029925,2.02777757449811,1.01283722470517
"116",116,50.5,21.1,7.63333333333333,8.2,8.52,38.43,6.1,1,0,"Feather",80,0.9304395947667,0.913813852383717,1.58467038446435,0.785329835010767
"117",117,61.4,72,13.7666666666667,17.7,51.24,325.875,16.5,2,1,"Feather",80,1.70960912107265,1.24797326636181,2.51305104417639,1.21748394421391
"118",118,84.5,67.5,23.6,29.8,136.71,141.36,12.4,2,1,"Feather",72,2.13580028330211,1.47421626407626,2.15032653649871,1.09342168516224
"119",119,59.5,57.3,12.7,15.1,32.42,38.86,5.8,2,1,"Feather",86,1.5108130105125,1.17897694729317,1.58950279626376,0.763427993562937
"120",120,58.7,77.4,14.8,16.9,54.47,88.92,7.8,2,1,"Feather",71,1.73615737527313,1.22788670461367,1.94899945402695,0.89209460269048
"121",121,42.9,44.5,7.9,8.6,9.58,43.42,5.2,1,0,"Feather",50,0.981365509078544,0.934498451243568,1.6376898191184,0.716003343634799
"122",122,43,43.1,9.9,15.1,21.39,236.22,9.3,1,0,"Feather",75,1.33021078457153,1.17897694729317,2.37331666517387,0.968482948553935
"123",123,37.6,44.4,7.23333333333333,9.8,11.75,82.225,6.5,3,2,"Feather",65,1.07003786660776,0.991226075692495,1.91500388215469,0.812913356642856
"124",124,49.2,43.9,8.83333333333333,11.7,20.68,59.985,9.3,3,2,"Feather",72,1.3155505344219,1.06818586174616,1.7780426631892,0.968482948553935
"125",125,51.8,39.4,11,14.2,17.97,53.72,6.8,2,1,"Feather",45,1.25454807710897,1.15228834438306,1.73013600399668,0.832508912706236
"126",126,52.4,25.3,6.23333333333333,9.7,7.46,36.34,4.6,2,1,"Feather",75,0.872738827472669,0.986771734266245,1.56038492297202,0.662757831681574
"127",127,72.3,51.7,13.6,15.2,49.28,104.49,5.4,5,5,"Hinge",75,1.69267069915637,1.18184358794477,2.0190747291779,0.732393759822969
"128",128,47.8,70.2,10.4333333333333,11.3,33.18,21.06,5.4,5,4,"Feather",85,1.52087638168834,1.05307844348342,1.32345836684947,0.732393759822969
"129",129,68,34,13.4333333333333,16.7,36.2,140.315,13.3,4,3,"Feather",74,1.55870857053317,1.22271647114758,2.1471041006008,1.12385164096709
"130",130,45.5,76,9.8,11.6,37.16,110.37,7.8,2,1,"Hinge",85,1.5700757053216,1.06445798922692,2.04285104255079,0.89209460269048
"131",131,66.6,38.4,11.4666666666667,13.7,33.33,209.185,10.7,1,0,"Feather",82,1.52283531366053,1.13672056715641,2.3205305394171,1.02938377768521
"132",132,57.2,74.6,12.9,14.4,54.75,117.81,15.3,2,1,"Hinge",60,1.73838412351216,1.15836249209525,2.07118215599008,1.1846914308176
"133",133,56.5,57.2,11,14.3,39.9,232.47,12.3,1,0,"Feather",50,1.60097289568675,1.15533603746506,2.36636691561264,1.0899051114394
"134",134,63.3,61,16.9333333333333,23.8,74.29,103,10.3,1,0,"Feather",71,1.8709303583487,1.37657695705651,2.01283722470517,1.01283722470517
"135",135,57.6,45.3,12.9666666666667,15.2,37.76,294.296545806658,10.1,2,1,"Feather",71,1.57703198562603,1.18184358794477,2.46878516476386,1.00432137378264
"136",136,53,47.4,10.4666666666667,11.7,26.44,80.095,8.3,2,1,"Feather",59,1.4222614508136,1.06818586174616,1.90360540571987,0.919078092376074
"137",137,55.8,59,6.5,7.5,17.76,53.9,4.4,5,2,"Feather",78,1.24944296144258,0.8750612633917,1.73158876518674,0.643452676486187
"138",138,56.1,65.7,16.7,21.9,59.42,36.4503287632756,5.1,1,0,"Feather",63,1.77393264746765,1.34044411484012,1.5617014497852,0.707570176097936
"139",139,45.3,64.6,6.8,9.2,17.7,112.5,6,4,2,"Feather",58,1.24797326636181,0.963787827345555,2.05115252244738,0.778151250383644
"140",140,65.7,62.6,19.8333333333333,30.3,96.19,97.825,6.5,2,2,"Feather",108,1.9831299247347,1.48144262850231,1.99044985657272,0.812913356642856
"141",141,33.2,21.4,4.36666666666667,4.7,3.49,4.5238934211693,1.8,2,1,"Feather",89,0.54282542695918,0.672097857935718,0.655512364789383,0.255272505103306
"142",142,54.4,32.1,6.93333333333333,8.2,10.87,39.9,6,3,2,"Feather",62,1.03622954408629,0.913813852383717,1.60097289568675,0.778151250383644
"143",143,40.7,45,10.9,16.8,17.2,84.7,12.1,5,2,"Feather",50,1.23552844690755,1.22530928172586,1.92788341033071,1.08278537031645
"144",144,47.4,42.3,10.7333333333333,11.3,25.46,85.36,4.4,5,4,"Feather",57,1.40585839931764,1.05307844348342,1.93125440641641,0.643452676486187
"145",145,49.7,36,16.2666666666667,20,29.49,29.64,7.6,5,4,"Feather",75,1.4696747725518,1.30102999566398,1.47187819930729,0.880813592280791
"146",146,33.2,43.2,6.8,7.7,8.93,44.24,5.6,5,3,"Hinge",71,0.950851458888546,0.886490725172482,1.64581511829664,0.7481880270062
"147",147,66.2,40.2,17.6666666666667,20.1,43.24,304.2,13,1,0,"Feather",73,1.63588568528127,1.30319605742049,2.48315920971698,1.11394335230684
"148",148,46,46.7,8.56666666666667,11.5,19.98,206.25,11,2,1,"Feather",55,1.30059548388996,1.06069784035361,2.31439395722196,1.04139268515823
"149",149,77.5,34.3,9.93333333333333,12.2,21.15,79.2,9,1,0,"Feather",59,1.32531037171106,1.08635983067475,1.89872518158949,0.954242509439325
"150",150,66.4,42.4,10.8666666666667,12,37.41,159.12,7.8,3,3,"Feather",65,1.57298770819821,1.07918124604762,2.20172477011638,0.89209460269048
"151",151,42.1,37.2,9.93333333333333,12.3,13.24,58.8,10.5,5,3,"Feather",75,1.12188798510368,1.0899051114394,1.76937732607614,1.02118929906994
"152",152,91,61.5,17.0666666666667,21.2,105.16,225.75,15,3,5,"Feather",79,2.02185057743432,1.32633586092875,2.35362775898554,1.17609125905568
"153",153,73.2,71.4,10.4666666666667,12.6,46.6,73.96,8.6,2,1,"Feather",66,1.66838591669,1.10037054511756,1.86899690248714,0.934498451243568
"154",154,63.4,43.8,11.9,12.5,33.14,102.565,7.3,1,0,"Feather",78,1.52035250408332,1.09691001300806,2.01099918436155,0.863322860120456
"155",155,56.8,77.2,11.8,16.8,34.12,21.08,3.1,2,1,"Feather",89,1.53300902249549,1.22530928172586,1.32387060654051,0.491361693834273
"156",156,43.5,44.8,9.73333333333333,12.2,21.06,9.56614963018092,2.1,2,1,"Feather",89,1.32345836684947,1.08635983067475,0.980737169663028,0.322219294733919
"157",157,26,33.4,5.96666666666667,9,5.52,10.6578530773034,2.3,2,2,"Feather",86,0.741939077729199,0.954242509439325,1.02766972902591,0.361727836017593
"158",158,36.5,41.7,7.55,8.55,11.1,39.25,5,3,3,"Feather",78,1.04532297878666,0.931966114728173,1.59383966108127,0.698970004336019
"159",159,35.6,19.9,7.36666666666667,10.6,5.3,2.59181393921158,1,4,2,"Feather",89,0.724275869600789,1.02530586526477,0.413603821244059,0
"160",160,41.5,43.8,9.93333333333333,12.3,15.17,13.97,2.2,3,2,"Feather",76,1.18098558078673,1.0899051114394,1.14519640611418,0.342422680822206
"161",161,23.7,40.5,5.8,8.2,4.77,41.48,6.1,4,1,"Feather",49,0.678518379040114,0.913813852383717,1.617838747717,0.785329835010767
"162",162,39,50.4,9.23333333333333,12.1,13.87,22.6,4,2,1,"Feather",85,1.14207646107328,1.08278537031645,1.3541084391474,0.602059991327962
"163",163,61.2,32.5,10.7,13.8,23.15,68.085,5.1,5,3,"Feather",74,1.36455099535397,1.13987908640124,1.83305144179853,0.707570176097936
"164",164,31.3,42.6,3.26666666666667,4.2,4.63,53.28,3.7,5,3,"Feather",74,0.665580991017953,0.6232492903979,1.72656421616224,0.568201724066995
"165",165,44.9,25.5,4.5,5.3,4.05,11.1997778100476,2.3,5,3,"Feather",71,0.607455023214668,0.724275869600789,1.04920940688202,0.361727836017593
"166",166,56.3,36.4,9.5,10.4,19.39,29.76,6.4,5,3,"Feather",60,1.28757780907871,1.01703333929878,1.47363292687384,0.806179973983887
"167",167,61.5,25.6,11.2,12.5,19.68,150.75,6.7,5,3,"Feather",75,1.29402509409532,1.09691001300806,2.17825732081219,0.826074802700826
"168",168,74.1,63.2,12.8666666666667,17.4,51.96,47.58,5.2,5,4,"Feather",84,1.71566914240099,1.2405492482826,1.67742443770125,0.716003343634799
"169",169,41.1,49.4,5,5.5,11.74,37.8,3.6,5,3,"Feather",72,1.0696680969116,0.740362689494244,1.57749179983723,0.556302500767287
"170",170,36.7,37.3,7.26666666666667,9.5,8.34,14.405,4.3,5,2,"Feather",72,0.921166050637739,0.977723605288848,1.15851326261643,0.633468455579587
"171",171,62.3,39.2,9.86666666666667,13.6,27.54,196.88,9.2,3,3,"Feather",79,1.4399639359209,1.13353890837022,2.29420160069475,0.963787827345555
"172",172,75.8,41.1,19.6,24.9,52.98,82.08,10.8,4,4,"Feather",70,1.72411195396121,1.39619934709574,1.91423734776774,1.03342375548695
"173",173,38.2,34.4,8.56666666666667,10.9,9.98,109.2,11.2,3,1,"Hinge",63,0.999130541287371,1.03742649794062,2.03822263836872,1.04921802267018
"174",174,49.8,39.2,5.33333333333333,6.8,10.47,57.2,5.2,3,2,"Feather",64,1.01994668167884,0.832508912706236,1.75739602879302,0.716003343634799
"175",175,58.9,37.9,6.5,7.5,7.43,14.74,2.2,2,1,"Feather",70,0.870988813760575,0.8750612633917,1.16849748352303,0.342422680822206
"176",176,78.8,82.4,17.5666666666667,21.9,133.05,611.25,15,1,0,"Feather",64,2.12401487888741,1.34044411484012,2.78621887213168,1.17609125905568
"177",177,52.1,45.5,7.06666666666667,10,11.28,41.9088459988878,4.6,2,1,"Feather",74,1.05230909964732,1,1.62230570227466,0.662757831681574
"178",178,52.5,47.6,13.0333333333333,14.3,38.34,163.83,12.7,4,4,"Feather",75,1.58365210854204,1.15533603746506,2.21439343125521,1.10380372095596
"179",179,71.9,39.2,6.43333333333333,9.3,23.58,107.01,5.8,5,5,"Feather",85,1.37254380075907,0.968482948553935,2.02942436405802,0.763427993562937
"180",180,30.2,31.5,5.96666666666667,7.1,6.41,35.72,4.7,5,4,"Feather",87,0.806858029518817,0.851258348719075,1.55291145021651,0.672097857935718
"181",181,30.8,29.6,5.3,7.1,4.83,17.205,3.7,5,4,"Feather",87,0.683947130751512,0.851258348719075,1.23565467695695,0.568201724066995
"182",182,27.2,26.4,2.63333333333333,3.1,2.36,8.05,2.3,5,4,"Feather",85,0.372912002970107,0.491361693834273,0.905795880367869,0.361727836017593
"183",183,29.5,32.5,4.56666666666667,6.3,4.93,77.97,4.6,5,3,"Feather",83,0.69284691927723,0.799340549453582,1.89192753422067,0.662757831681574
"184",184,37.4,38.4,7.76666666666667,10,12.45,69.7,6.8,5,3,"Feather",66,1.09516935143176,1,1.84323277809801,0.832508912706236
"185",185,32.1,39.1,5.23333333333333,6.5,6.31,48.6,4.5,5,3,"Feather",86,0.800029359244134,0.812913356642856,1.68663626926229,0.653212513775344
"186",186,36.6,23.7,6.83333333333333,9,5.64,28.12,3.8,5,2,"Feather",75,0.751279103983342,0.954242509439325,1.44901531634779,0.57978359661681
"187",187,40.7,38.4,5.13333333333333,6.9,8.15,25.155,4.3,5,4,"Feather",64,0.911157608739977,0.838849090737255,1.40062432166177,0.633468455579587
"188",188,38.1,21.7,4.76666666666667,6.7,4.83,23.115,2.3,5,3,"Feather",83,0.683947130751512,0.826074802700826,1.3638938977741,0.361727836017593
"189",189,48.4,41.5,7.03333333333333,8.4,19.58,45.76,5.2,5,4,"Feather",79,1.29181268746712,0.924279286061882,1.66048601578497,0.716003343634799
"190",190,68.9,46.3,6.16666666666667,7.8,18.33,11.9,2.8,4,6,"Feather",91,1.26316246496222,0.89209460269048,1.07554696139253,0.447158031342219
"191",191,54.5,41.7,9.3,11.7,25.87,132.145,10.7,3,3,"Feather",80,1.41279642871654,1.06818586174616,2.12105073528089,1.02938377768521
"192",192,32.5,32.4,4.33333333333333,7,4.53,125.56160438235,7.3,5,4,"Feather",70,0.656098202012832,0.845098040014257,2.09885685632675,0.863322860120456
"193",193,44.6,45.2,7.66666666666667,11.3,15.13,89.03,5.8,2,1,"Feather",78,1.17983892802319,1.05307844348342,1.94953637337614,0.763427993562937
"194",194,40.1,46.6,8.46666666666667,11.6,16.15,169.75,9.7,3,2,"Feather",85,1.20817252666712,1.06445798922692,2.22980978295254,0.986771734266245
"195",195,61.8,35,8.73333333333333,11.7,19.01,40.95,3.5,3,2,"Feather",71,1.27898211686544,1.06818586174616,1.61225390609644,0.544068044350276
"196",196,31.6,44.3,6.2,7.6,9.74,18.45,3,1,0,"Feather",85,0.988558956878616,0.880813592280791,1.26599637049508,0.477121254719662
"197",197,64.7,60.5,7.13333333333333,10.1,23.87,118.752202305694,9,2,1,"Feather",74,1.37785241900675,1.00432137378264,2.07464167253136,0.954242509439325
"198",198,56.6,54.4,7,8.9,23.49,87.6504350351552,6.2,1,0,"Feather",75,1.37088301677761,0.949390006644913,1.94275407596773,0.792391689498254
"199",199,38.7,35.2,7.43333333333333,8.8,12.86,151.92,7.2,3,3,"Hinge",101,1.1092409685882,0.944482672150169,2.18161495172896,0.857332496431269
"200",200,65.4,52.1,5.06666666666667,8,18.59,13.56,2.4,4,3,"Hinge",88,1.2692793897719,0.903089986991944,1.13225968953104,0.380211241711606
"201",201,52.9,50,4.36666666666667,5.1,12.18,61.875,5.5,2,1,"Feather",75,1.08564728829686,0.707570176097936,1.79151521194163,0.740362689494244
"202",202,45.6,40.3,5.23333333333333,8.9,11.08,201.465,9.9,5,3,"Feather",75,1.04453976039241,0.949390006644913,2.30419960815879,0.99563519459755
"203",203,37.2,26.4,5.33333333333333,8,6.54,139.62,7.8,5,3,"Feather",80,0.815577748324267,0.903089986991944,2.14494763367037,0.89209460269048
"204",204,42.4,42.3,7.3,11,13.82,187.85,8.5,5,3,"Feather",81,1.14050804303818,1.04139268515823,2.2738111993994,0.929418925714293
"205",205,44,36.1,5.43333333333333,6.2,9.39,22.6194671058465,3.6,5,4,"Feather",92,0.972665592266111,0.792391689498254,1.3544823691254,0.556302500767287
"206",206,42.7,38.2,5.2,6.5,8,22.5,5,5,4,"Feather",91,0.903089986991944,0.812913356642856,1.35218251811136,0.698970004336019
"207",207,37,34.1,5.06666666666667,7.3,6.93,72.76,6.8,5,2,"Feather",90,0.840733234611807,0.863322860120456,1.86189269039145,0.832508912706236
"208",208,63.1,37.9,5.1,7.3,14.55,112.56,5.6,5,3,"Feather",85,1.16286299332193,0.863322860120456,2.05138408442669,0.7481880270062
"209",209,46.4,31.3,5.53333333333333,7.5,9.43,124.46,9.8,5,3,"Feather",72,0.974511692737328,0.8750612633917,2.09502979664845,0.991226075692495
"210",210,31.5,34.8,4.53333333333333,6.6,4.78,31.2,4.8,5,3,"Feather",75,0.679427896612119,0.819543935541869,1.49415459401844,0.681241237375587
"211",211,44.2,35.4,3.9,6,4.96,110.411273810413,6.6,5,2,"Feather",70,0.695481676490197,0.778151250383644,2.04301342034678,0.819543935541869
"212",212,39.5,44.1,4.86666666666667,7.3,9.14,71.82,5.4,5,4,"Feather",73,0.960946195733831,0.863322860120456,1.85624540079005,0.732393759822969
"213",213,27.4,31.5,2.9,4,2.73,13.1946891450771,2.4,5,3,"Feather",85,0.436162647040756,0.602059991327962,1.12039916309203,0.380211241711606
"214",214,33.2,26.4,1.8,2.3,1.82,9.848892969004,1.9,5,1,"Feather",89,0.260071387985075,0.361727836017593,0.993387417860869,0.278753600952829
"215",215,42.1,36.7,7.76666666666667,10.3,13.17,79.2,7.2,1,0,"Feather",55,1.11958577496178,1.01283722470517,1.89872518158949,0.857332496431269
"216",216,41.5,41.3,6.23333333333333,8.4,12.22,39.78,5.2,2,1,"Feather",56,1.08707120590654,0.924279286061882,1.59966477878842,0.716003343634799
"217",217,44.6,37.3,3.33333333333333,3.7,6.6,22.14,3.6,3,3,"Feather",85,0.819543935541869,0.568201724066995,1.3451776165427,0.556302500767287
"218",218,31.9,33.5,4.9,6.6,5.22,85.14,6.6,2,2,"Feather",88,0.717670503002262,0.819543935541869,1.93013364584112,0.819543935541869
"219",219,33,36.1,6.03333333333333,7.2,8.76,9.07134878724053,2.1,2,1,"Hinge",58,0.942504106168081,0.857332496431269,0.957671865594335,0.322219294733919
"220",220,33.8,32.1,7,8.5,7.88,55.44,4.8,2,2,"Feather",39,0.896526217489555,0.929418925714293,1.74382322160375,0.681241237375587
"221",221,29.9,38,5.36666666666667,6.8,5.76,15.0089589025252,2.1,1,0,"Feather",60,0.760422483423212,0.832508912706236,1.17635056842118,0.322219294733919
"222",222,38.2,42.6,7.4,10.3,14.28,62.22,10.2,3,1,"Feather",61,1.15472820744016,1.01283722470517,1.79393000677268,1.00860017176192
"223",223,35.4,45.2,7.13333333333333,8.5,13.93,23.4991130488517,3.4,2,2,"Feather",80,1.14395111642396,0.929418925714293,1.3710514705586,0.531478917042255
"224",224,42.4,44,5.66666666666667,7.2,13.08,12.299335238804,2.9,3,2,"Feather",79,1.11660774398825,0.857332496431269,1.0898816390881,0.462397997898956
"225",225,54.6,31.8,4.2,5.5,7.53,8,3.2,2,1,"Feather",61,0.876794976200701,0.740362689494244,0.903089986991944,0.505149978319906
"226",226,45.9,38.7,5.06666666666667,6.9,9.87,13.1868351634432,2.3,3,1,"Feather",85,0.994317152669637,0.838849090737255,1.12014057750422,0.361727836017593
"227",227,35.7,44,4.43333333333333,6.4,7.17,22.755,4.1,5,3,"Feather",85,0.8555191556678,0.806179973983887,1.35707683984241,0.612783856719735
"228",228,34.2,35,5.46666666666667,6.6,7.39,59,5,5,4,"Feather",85,0.868644438394826,0.819543935541869,1.77085201164214,0.698970004336019
"229",229,49,32.2,3.06666666666667,3.3,4.96,4.29,2.2,5,4,"Feather",88,0.695481676490197,0.518513939877887,0.632457292184724,0.342422680822206
"230",230,44.7,28.1,3.4,4.3,4.34,8.98495498926681,2.6,4,4,"Feather",85,0.637489729512511,0.633468455579587,0.953515905823177,0.414973347970818
"231",231,33.4,22.7,3,4,2.73,9.56614963018092,2.1,5,3,"Hinge",84,0.436162647040756,0.602059991327962,0.980737169663028,0.322219294733919
"232",232,25.5,27.6,4.36666666666667,6.4,3.11,9.33053018116169,2.2,5,2,"Hinge",74,0.492760389026837,0.806179973983887,0.969906322011346,0.342422680822206
"233",233,24.3,27.6,3.76666666666667,4.7,2.34,23.5619449019234,3,5,2,"Feather",81,0.369215857410143,0.672097857935718,1.37221113608583,0.477121254719662
"234",234,27.7,31.2,7.53333333333333,9.5,5.39,54.34,4.4,2,1,"Feather",78,0.731588765186739,0.977723605288848,1.73511963408187,0.643452676486187
"235",235,36.3,32,6.1,8.7,6.53,6.75442420521806,2,3,2,"Feather",78,0.814913181275074,0.939519252618618,0.829588332609739,0.301029995663981
"236",236,29.9,33.5,4.96666666666667,6.9,6.43,12.0951317163207,2,1,0,"Feather",49,0.808210972924222,0.838849090737255,1.08261060220263,0.301029995663981
"237",237,61,37.8,7.36666666666667,8,21.41,98.77,8.3,5,3,"Feather",80,1.33061666729444,0.903089986991944,1.9946250537686,0.919078092376074
"238",238,57.3,34.6,6.66666666666667,10.7,13.21,49.47,5.1,5,3,"Feather",85,1.12090281761453,1.02938377768521,1.69434191036418,0.707570176097936
"239",239,36.2,36.5,7.83333333333333,10,8.92,155.135,7.1,5,2,"Feather",70,0.950364854376123,1,2.19070979002552,0.851258348719075
"240",240,35.3,23.8,5.33333333333333,7.2,4.5,50.96,4.9,5,3,"Feather",69,0.653212513775344,0.857332496431269,1.70722941932729,0.690196080028514
"241",241,32.9,41.4,4.46666666666667,4.8,5.67,27.54,3.4,5,2,"Hinge",79,0.753583058892907,0.681241237375587,1.4399639359209,0.531478917042255
"242",242,42.7,32.2,4.43333333333333,5,6.17,36.96,4.2,5,3,"Feather",90,0.790285164033242,0.698970004336019,1.56773196254807,0.6232492903979
"243",243,39.7,37.7,6.86666666666667,8,8.85,16.72,4.4,5,3,"Feather",79,0.946943270697825,0.903089986991944,1.223236273103,0.643452676486187
"244",244,28.9,30.7,3.73333333333333,5.2,3.42,33.345,3.9,5,2,"Feather",89,0.534026106056135,0.716003343634799,1.52303072175467,0.591064607026499
"245",245,68,49.3,10.7666666666667,11.9,35.48,53.04,5.1,5,4,"Feather",85,1.54998361115969,1.07554696139253,1.72460351539672,0.707570176097936
"246",246,48.5,50.8,14.1333333333333,15.7,34.59,109.755,8.1,5,4,"Feather",88,1.53895056201436,1.19589965240923,2.04042431408907,0.90848501887865
"247",247,38,40,10.1666666666667,15.4,14.93,66.48,4.8,5,2,"Feather",70,1.17405980772503,1.18752072083646,1.82269101077605,0.681241237375587
"248",248,24.2,43,6.1,7.8,4.04,26.35,3.4,5,1,"Feather",85,0.606381365110605,0.89209460269048,1.42078061954857,0.531478917042255
"249",249,36.8,28,3.73333333333333,4,3.84,46.8,4.5,5,3,"Feather",78,0.584331224367531,0.602059991327962,1.67024585307412,0.653212513775344
"250",250,49.1,21.7,3.36666666666667,4,3.79,13.1946891450771,2.8,5,3,"Feather",81,0.578639209968072,0.602059991327962,1.12039916309203,0.447158031342219
"251",251,38.2,20.3,3.26666666666667,4.1,2.22,17.5615029335669,4.3,5,2,"Feather",75,0.346352974450639,0.612783856719735,1.24456168058056,0.633468455579587
"252",252,50.9,24.2,4.3,4.9,3.89,9.23628240155399,2.4,5,3,"Feather",79,0.589949601325708,0.690196080028514,0.965497203106291,0.380211241711606
"253",253,62.7,46.3,9.33333333333333,11.3,34.47,165.135,10.1,5,6,"Feather",85,1.53744128340795,1.05307844348342,2.21783913077895,1.00432137378264
"254",254,74.5,61,13.2333333333333,14.9,59.07,434.717883440488,13.5,5,5,"Feather",83,1.77136697085778,1.17318626841227,2.63820750658091,1.13033376849501
"255",255,56,35.6,9.4,11.8,21.01,122.65,11,5,3,"Hinge",70,1.32242605240595,1.07188200730613,2.0886675525424,1.04139268515823
"256",256,36.3,30.2,5.93333333333333,6.6,6.94,12,3,5,3,"Feather",71,0.841359470454855,0.819543935541869,1.07918124604762,0.477121254719662
"257",257,39.4,33.5,4.83333333333333,6.3,6.87,16,4,5,2,"Feather",75,0.83695673705955,0.799340549453582,1.20411998265592,0.602059991327962
"258",258,48,45,9.83333333333333,16.3,15.05,44.485,3.1,5,2,"Feather",55,1.17753649992986,1.21218760440396,1.64821359490428,0.491361693834273
"259",259,41.9,19.6,5.9,7.5,5.22,35.28,4.8,5,2,"Feather",89,0.717670503002262,0.8750612633917,1.54752857645978,0.681241237375587
"260",260,38.6,41.2,5.7,7.5,8.51,7.06858347057703,2,5,3,"Feather",75,0.929929560084588,0.8750612633917,0.849332390805496,0.301029995663981
"261",261,39.9,46,9.83333333333333,12.5,15.48,8.855,2.3,5,3,"Feather",74,1.18977095634687,1.09691001300806,0.947188565526094,0.361727836017593
"262",262,53.9,51.2,14.2333333333333,17,39.59,30.72,4.8,5,4,"Plunging",99,1.5975855017522,1.23044892137827,1.48742121135947,0.681241237375587
"263",263,36.3,49.9,5.43333333333333,7.6,10.02,31.4,4,5,2,"Hinge",76,1.00086772153123,0.880813592280791,1.49692964807321,0.602059991327962
"264",264,39,44.3,4.5,5.9,6.39,35.245,5.3,5,2,"Feather",71,0.8055008581584,0.770852011642144,1.54709751490389,0.724275869600789
"265",265,49.7,34.3,5.43333333333333,8.1,9.07,58.32,5.4,5,2,"Feather",75,0.957607287060095,0.90848501887865,1.76581751530992,0.732393759822969
"266",266,32.5,37.7,4.23333333333333,6.6,3.71,17.85,4.2,5,2,"Feather",72,0.569373909615046,0.819543935541869,1.25163822044821,0.6232492903979
"267",267,40.7,25.8,3.3,5.3,4.81,101.7,9,5,2,"Feather",75,0.682145076373832,0.724275869600789,2.00732095292274,0.954242509439325
"268",268,33.1,29.8,4.33333333333333,5.9,4.19,50.085,6.3,5,2,"Feather",85,0.622214022966295,0.770852011642144,1.69970767811005,0.799340549453582
"269",269,41.4,43.6,7.23333333333333,8.8,12.23,14.3335164820034,2.5,5,3,"Feather",87,1.08742645703629,0.944482672150169,1.15635275015867,0.397940008672038
"270",270,42.4,39.8,9.16666666666667,11.2,19.5,61.0725611857856,5.4,4,3,"Feather",82,1.29003461136252,1.04921802267018,1.78584613328439,0.732393759822969
"271",271,40.5,35.1,7.3,9.3,8.83,19.055,3.7,4,3,"Feather",75,0.945960703577569,0.968482948553935,1.28000895310819,0.568201724066995
"272",272,83,36.1,5.23333333333333,7.2,16.46,40.92,6.2,5,4,"Feather",85,1.21642983087625,0.857332496431269,1.61193562504012,0.792391689498254
"273",273,78.7,45.8,7.63333333333333,8.9,37.42,41.245,7.3,4,7,"Feather",84,1.57310378316399,0.949390006644913,1.61537130793989,0.863322860120456
"274",274,63.3,51.5,8.53333333333333,11.1,28.59,49.855,5.9,4,3,"Feather",75,1.45621415535799,1.04532297878666,1.69770872059184,0.770852011642144
"275",275,38.1,32.8,5.13333333333333,6,7,48.6946861306418,4,5,5,"Feather",88,0.845098040014257,0.778151250383644,1.68748157086443,0.602059991327962
"276",276,32.8,32.1,4.4,6.6,5.55,41.565,5.1,5,4,"Feather",86,0.744292983122676,0.819543935541869,1.61872778483791,0.707570176097936
"277",277,20.7,25.3,5.46666666666667,6.1,2.73,18.92,4.4,5,2,"Feather",79,0.436162647040756,0.785329835010767,1.27692113206577,0.643452676486187
"278",278,21.1,24.1,3.63333333333333,4.3,1.78,7.04,3.2,5,3,"Feather",85,0.250420002308894,0.633468455579587,0.847572659142112,0.505149978319906
"279",279,25,15,2.96666666666667,3.7,1.17,17.02,2.3,5,3,"Feather",85,0.0681858617461616,0.568201724066995,1.23095955574857,0.361727836017593
"280",280,41.8,28.6,8.3,9.3,6.05,33.32,4.9,5,3,"Feather",65,0.781755374652469,0.968482948553935,1.52270499273475,0.690196080028514
"281",281,42.2,37.9,8.16666666666667,11,8.54,11.0269902141002,2.7,5,2,"Feather",70,0.931457870689005,1.04139268515823,1.04245698915996,0.431363764158987
"282",282,38.3,39.3,9.76666666666667,11,9.25,145.14,8.2,5,3,"Feather",65,0.966141732739033,1.04139268515823,2.16178711874552,0.913813852383717
"283",283,53.9,41.1,11.5666666666667,14.2,13.62,22.515,5.7,5,2,"Feather",80,1.13417710757677,1.15228834438306,1.35247195129895,0.755874855672491
"284",284,50.2,31,10,10.9,10.99,32.175,6.5,5,2,"Feather",66,1.04099769242349,1.03742649794062,1.50751855557642,0.812913356642856
"285",285,49,31,8.4,10.2,10.14,220.8,8,5,3,"Feather",72,1.00603795499732,1.00860017176192,2.34399906905716,0.903089986991944
"286",286,50.1,33.8,15.6,18.5,16.42,246.61,18.2,5,2,"Hinge",60,1.21537315278342,1.26717172840301,2.3920106831955,1.26007138798507
"287",287,49.7,35.8,4.36666666666667,6.4,5.65,86.26,7.6,3,2,"Feather",65,0.752048447819439,0.806179973983887,1.93580945380993,0.880813592280791
"288",288,34.4,26,9.26666666666667,10.4,6.54,136.29,11.8,5,2,"Feather",60,0.815577748324267,1.01703333929878,2.13446399153429,1.07188200730613
"289",289,26.4,24.3,6.86666666666667,7.4,3.08,68.985,6.3,4,2,"Feather",83,0.488550716500444,0.869231719730976,1.83875466862972,0.799340549453582
"290",290,29.3,25.6,4.4,4.5,2.01,45.36,4.8,5,3,"Feather",75,0.303196057420489,0.653212513775344,1.65667304588485,0.681241237375587
"291",291,24.4,31.5,12.0666666666667,14.5,5.49,64,8,3,2,"Feather",62,0.739572344450092,1.16136800223497,1.80617997398389,0.903089986991944
"292",292,34.1,17,4.86666666666667,5.2,1.97,22.04,3.8,5,3,"Feather",70,0.294466226161593,0.716003343634799,1.34321159017975,0.57978359661681
"293",293,21.9,14.9,6.13333333333333,7.1,1.14,14.88,4.8,3,2,"Feather",80,0.0569048513364726,0.851258348719075,1.17260293120986,0.681241237375587
"294",294,29,31,8.26666666666667,10,4.1,98.24,6.4,2,2,"Feather",74,0.612783856719735,1,1.99228835379709,0.806179973983887
"295",295,41.7,32.5,6.93333333333333,7.9,5.78,65.7692422029023,5.3,5,2,"Feather",76,0.761927838420529,0.897627091290441,1.81802283792138,0.724275869600789
"296",296,37,38.5,6.1,8.8,5.18,62.4391539900971,5.3,5,3,"Feather",64,0.714329759745233,0.944482672150169,1.79545701002264,0.724275869600789
"297",297,29.4,23.6,7.1,8.2,3.24,19.55,4.6,3,3,"Feather",75,0.510545010206612,0.913813852383717,1.29114676173189,0.662757831681574
"298",298,40.3,21.4,7.4,9.6,4.51,24.61,4.6,5,4,"Feather",55,0.65417654187796,0.982271233039568,1.3911116137028,0.662757831681574
"299",299,53.3,27.4,5.63333333333333,6.5,6.94,9.22842841992002,2.5,3,3,"Feather",67,0.841359470454855,0.812913356642856,0.965127747973927,0.397940008672038
"300",300,43.8,25.8,5.16666666666667,5.7,3.71,48.5,5,5,5,"Feather",81,0.569373909615046,0.755874855672491,1.68574173860226,0.698970004336019
"301",301,46.2,21.6,5.83333333333333,6.5,4.16,5.115,3.3,5,5,"Feather",75,0.619093330626743,0.812913356642856,0.708845638048179,0.518513939877887
"302",302,47.1,31,4.76666666666667,6,3.31,7.95,3,5,3,"Feather",65,0.519827993775719,0.778151250383644,0.90036712865647,0.477121254719662
"303",303,30.1,16.9,3.8,4.3,1.54,34.5810811343896,3.7,5,2,"Feather",75,0.187520720836463,0.633468455579587,1.5388385668257,0.568201724066995
"304",304,33.6,16.9,5.3,6.6,1.9,33.775,3.5,5,3,"Feather",70,0.278753600952829,0.819543935541869,1.52859535769407,0.544068044350276
"305",305,25.8,31.5,5.13333333333333,7.2,2.21,13.1946891450771,2.8,5,3,"Feather",75,0.344392273685111,0.857332496431269,1.12039916309203,0.447158031342219
"306",306,29.9,19.4,7.33333333333333,8.2,3.07,37.2,6,5,4,"Feather",75,0.487138375477186,0.913813852383717,1.5705429398819,0.778151250383644
"307",307,46.7,31.2,8.06666666666666,9.7,8.05,46.69,5.8,4,5,"Feather",75,0.905795880367869,0.986771734266245,1.66922387393081,0.763427993562937
"308",308,44.2,30.8,9.03333333333333,12.8,7.47,31.98,4.1,5,3,"Feather",65,0.873320601815399,1.10720996964787,1.50487845941022,0.612783856719735
"309",309,42.2,36.2,9.13333333333333,12.3,8.68,230.09,13.3,3,2,"Feather",62,0.938519725176492,1.0899051114394,2.36189774409588,1.12385164096709
"310",310,36.1,28.2,12.8,14.9,7.53,17.6,5.5,5,5,"Feather",76,0.876794976200701,1.17318626841227,1.24551266781415,0.740362689494244
"311",311,36.5,38.6,11.6666666666667,14.6,11.35,97.6,8,5,3,"Feather",84,1.05499586152914,1.16435285578444,1.98944981766669,0.903089986991944
"312",312,53,17.4,4.76666666666667,5.7,3.26,55.695,4.7,5,2,"Feather",80,0.513217600067939,0.755874855672491,1.74581620828184,0.672097857935718
"313",313,28.5,20.6,4.76666666666667,6.3,1.69,41.075,5.3,5,2,"Feather",85,0.227886704613674,0.799340549453582,1.6135775721071,0.724275869600789
"314",314,42.6,43,10.7666666666667,13.8,11.82,64.99,9.7,4,3,"Feather",75,1.07261747654524,1.13987908640124,1.81284653696707,0.986771734266245
"315",315,63.2,79.5,14.7,17.8,57.47,410.75,15.5,2,1,"Feather",70,1.7594411971337,1.25042000230889,2.6135775721071,1.19033169817029
"316",316,100.9,85.5,25.1333333333333,34.7,166.7,126.88,10.4,2,1,"Feather",75,2.22193559982801,1.54032947479087,2.10339316997353,1.01703333929878
"317",317,81.2,71.8,19.5333333333333,25.2,142.66,328.86,12.6,3,4,"Feather",58,2.15430221968466,1.40140054078154,2.51701105245584,1.10037054511756
"318",318,72.8,83.3,20.2333333333333,24.5,119.53,332.12,15.2,3,4,"Feather",65,2.07747691950434,1.38916608436453,2.52129502925121,1.18184358794477
"319",319,94.1,83.1,26.5,34,200.73,77.74,9.2,2,1,"Feather",62,2.30261228459909,1.53147891704226,1.89064453629525,0.963787827345555
"320",320,60.3,41.5,11.5666666666667,15.7,18.56,77.35,7,3,1,"Hinge",64,1.26857797188284,1.19589965240923,1.88846031803539,0.845098040014257
"321",321,70.5,70.6,20.7333333333333,21.8,101.27,178.705,10.3,2,2,"Feather",55,2.0054808099794,1.3384564936046,2.25213670383206,1.01283722470517
"322",322,70.8,57.8,21.5,24.4,70.12,348.69,17.7,2,1,"Feather",62,1.84584190742176,1.38738982633873,2.5424394925234,1.24797326636181
"323",323,54.4,32.1,19.9333333333333,21.6,46.32,238.51,12.2,4,3,"Feather",69,1.66576855071938,1.33445375115093,2.37750659240663,1.08635983067475
"324",324,78.8,72.6,21.3,26,141.32,620,15.5,5,3,"Feather",76,2.15020362876281,1.41497334797082,2.79239168949825,1.19033169817029
"325",325,75.9,68.3,17.8666666666667,20,80.35,415.425,14.5,2,1,"Feather",48,1.90498588109936,1.30102999566398,2.61849262853838,1.16136800223497
"326",326,81.1,53.3,15.7666666666667,17.8,63.47,308,14,1,0,"Feather",61,1.80256849831396,1.25042000230889,2.48855071650044,1.14612803567824
"327",327,56.3,46.8,10.2333333333333,12.4,23.35,50.04,7.2,4,3,"Feather",79,1.36828688490213,1.09342168516224,1.69931730102138,0.857332496431269
"328",328,94.3,74.4,16.9333333333333,25.5,110.35,265.96,12.2,2,2,"Feather",70,2.04277233749767,1.40654018043396,2.42481632427935,1.08635983067475
"329",329,44.2,37,14.5333333333333,19.9,22.27,330.12,13.1,4,3,"Feather",75,1.34772021703404,1.29885307640971,2.51867183643731,1.11727129565576
"330",330,62.6,46.1,12.7666666666667,13,33.64,91.06,11.6,2,3,"Feather",60,1.52685598712587,1.11394335230684,1.95932764597217,1.06445798922692
"331",331,36.2,38.1,4.63333333333333,6.2,3.76,43.32,5.7,5,3,"Feather",80,0.575187844927661,0.792391689498254,1.63668844795328,0.755874855672491
"332",332,45.3,43.1,8.76666666666667,10.3,17.08,104.16,6.2,5,3,"Feather",70,1.23248786635299,1.01283722470517,2.01770097122412,0.792391689498254
"333",333,62.2,43.9,10.8333333333333,13.3,26.05,109.61,11.3,5,3,"Feather",60,1.41580772763554,1.12385164096709,2.03985017774966,1.05307844348342
"334",334,59.8,46.2,11.6333333333333,13.3,34.43,58.24,10.4,4,4,"Feather",81,1.53693702270467,1.12385164096709,1.76522136630498,1.01703333929878
"335",335,74.6,52.8,14.4333333333333,18.1,57.97,93.3838416279566,8.2,1,0,"Hinge",71,1.76320330037077,1.25767857486918,1.97027173598486,0.913813852383717
"336",336,69.6,52.8,12.5666666666667,15,33.57,41.25,11,1,0,"Feather",70,1.52595134124801,1.17609125905568,1.61542395288594,1.04139268515823
"337",337,64.3,51.3,12.5,17.8,33.27,378.45,14.5,3,1,"Feather",50,1.52205280086882,1.25042000230889,2.57800850957326,1.16136800223497
"338",338,53.7,26.5,8.86666666666667,10,13.38,92.25,9,2,2,"Feather",57,1.1264561134318,1,1.9649663748311,0.954242509439325
"339",339,77.8,45,13.3,18.4,53.59,357.23,13.9,1,0,"Feather",55,1.72908375704361,1.26481782300954,2.55294792358539,1.1430148002541
"340",340,62.8,49.8,15.7,19.8,48.57,266.05,17,3,1,"Hinge",50,1.68636810347304,1.29666519026153,2.42496326326074,1.23044892137827
"341",341,57,37.2,12.2333333333333,15.7,21.67,95.06,9.7,3,1,"Feather",68,1.33585891131982,1.19589965240923,1.97799780995874,0.986771734266245
"342",342,24.5,37.2,7.16666666666667,8.9,4.39,267.954291406307,10.9,5,0,"Hinge",45,0.642464520242121,0.949390006644913,2.42806071685324,1.03742649794062
"343",343,35.3,33.5,10.8333333333333,12.7,11.46,100.11,9.4,3,1,"Feather",45,1.05918461763137,1.10380372095596,2.00047746137446,0.973127853599699
"344",344,65.3,53.5,9.73333333333333,12.6,35.72,121.6,8,4,5,"Feather",72,1.55291145021651,1.10037054511756,2.08493357493672,0.903089986991944
"345",345,58.1,45.1,9.13333333333333,11,24.65,40.8,6.8,5,4,"Feather",61,1.39181692361325,1.04139268515823,1.61066016308988,0.832508912706236
"346",346,55.5,44.6,7.26666666666667,10.4,17.46,90.09,9.1,5,3,"Feather",79,1.24204423936955,1.01703333929878,1.95467658691864,0.959041392321094
"347",347,57.4,33.9,5.43333333333333,6.1,10.72,52.8730043599162,5.1,5,4,"Feather",78,1.03019478535675,0.785329835010767,1.72323398866996,0.707570176097936
"348",348,78,51.7,21.6,28.9,94.41,72.25,8.5,2,1,"Feather",74,1.97501799763288,1.46089784275655,1.85883785142859,0.929418925714293
"349",349,49.3,42.3,9.9,14.3,20.34,347.844992587096,17.1,2,1,"Feather",46,1.30835094858673,1.15533603746506,2.54138575583958,1.23299611039215
"350",350,46.2,43.6,14.9,18.6,29.11,103.04,9.2,2,2,"Feather",59,1.46404220543881,1.26951294421792,2.01300585001574,0.963787827345555
"351",351,54.4,62.1,11.8333333333333,17,22.71,340.4,18.5,5,2,"Feather",70,1.35621713421974,1.23044892137827,2.53198955141255,1.26717172840301
"352",352,62.8,37.1,11.0333333333333,13.1,27.16,205.67,13.1,4,3,"Feather",55,1.43392976560846,1.11727129565576,2.313170948065,1.11727129565576
"353",353,51.3,26.6,9.63333333333333,11.8,8.66,96.84,7.2,2,1,"Feather",68,0.937517892017347,1.07188200730613,1.9860547807697,0.857332496431269
"354",354,42.5,41.5,9.16666666666667,12.8,12.77,6.59734457253857,2,5,3,"Feather",46,1.10619089726342,1.10720996964787,0.819369167428053,0.301029995663981
"355",355,48.6,43,10.3333333333333,12.3,17.52,34.32,4.4,3,2,"Feather",55,1.24353410183206,1.0899051114394,1.53554727917667,0.643452676486187
"356",356,60.5,31.4,10.1,12.2,24.47,106.4,8,5,2,"Feather",75,1.38863396935179,1.08635983067475,2.02694162795903,0.903089986991944
"357",357,83,42,16.4666666666667,19.9,48.38,206.48,11.6,2,1,"Feather",60,1.68466586402586,1.29885307640971,2.31487799153581,1.06445798922692
"358",358,78.3,45.9,14.9666666666667,16.7,55.27,113.88,7.8,2,1,"Plunging",67,1.74248946458178,1.22271647114758,2.05644745847492,0.89209460269048
"359",359,91.5,46.3,24.2,25.8,94.6,314.14,22.6,1,0,"Feather",66,1.97589113640179,1.41161970596323,2.4971232394015,1.3541084391474
"360",360,57.5,41.6,9.13333333333333,9.9,26.7,91.43,8.2,3,2,"Step",71,1.42651126136458,0.99563519459755,1.9610887197679,0.913813852383717
"361",361,46.6,38,13.3666666666667,18.9,19.7,71.795,8.3,5,2,"Feather",67,1.29446622616159,1.27646180417324,1.85609419984089,0.919078092376074
"362",362,34.5,44.7,8.16666666666667,9.6,11.28,119.35,6.2,5,3,"Feather",69,1.05230909964732,0.982271233039568,2.07682242334277,0.792391689498254
"363",363,46,44.6,7.83333333333333,10,16.89,116.4,8,5,4,"Feather",71,1.22762964957101,1,2.06595298031387,0.903089986991944
"364",364,39,36.5,10.6666666666667,12.4,11.4,28.91,5.9,4,7,"Feather",76,1.05690485133647,1.09342168516224,1.46104809167066,0.770852011642144
"365",365,62.7,68.7,15.7666666666667,19.2,71.75,148.12,9.2,3,3,"Feather",66,1.85582190540603,1.28330122870355,2.17061370337741,0.963787827345555
"366",366,61.6,64.7,9.5,12.5,33.44,204.015,8.7,2,1,"Feather",59,1.52426626876698,1.09691001300806,2.30966209966972,0.939519252618618
"367",367,59.5,46.5,13.2,15,43.58,261.59,7.4,3,2,"Feather",52,1.63928722591024,1.17609125905568,2.41762113786389,0.869231719730976
"368",368,50.9,58.7,10.5,12,28.88,199.255514053933,8.6,4,3,"Feather",64,1.4605971888976,1.07918124604762,2.2994103485879,0.934498451243568
"369",369,64.3,69.1,19.7,26.3,100.32,212.52,9.2,1,0,"Hinge",65,2.00138752348664,1.41995574848976,2.3273998072377,0.963787827345555
"370",370,47.2,55.2,11.2333333333333,18,33.33,292.6,19,2,1,"Feather",51,1.52283531366053,1.25527250510331,2.46627432178929,1.27875360095283
"371",371,77.5,53.2,9.76666666666667,10.7,31.87,125.67,11.8,4,3,"Feather",65,1.50338206347373,1.02938377768521,2.09923161508088,1.07188200730613
"372",372,51.1,52.5,15.5333333333333,17.3,43.13,557.52,13.8,5,3,"Hinge",45,1.63477945814595,1.2380461031288,2.74626045151184,1.13987908640124
"373",373,58.8,40.7,7.76666666666667,9.1,14.7,82.62,5.4,2,1,"Feather",60,1.16731733474818,0.959041392321094,1.91708519064057,0.732393759822969
"374",374,53.5,34.4,10.3,11.6,20.77,112.36,10.6,2,1,"Hinge",70,1.3174364965351,1.06445798922692,2.05061173052954,1.02530586526477
"375",375,31.2,22.7,3.46666666666667,4.6,2.22,70.8272063751819,5.4,5,3,"Feather",69,0.346352974450639,0.662757831681574,1.85020011233672,0.732393759822969
"376",376,65.6,45.5,10.4666666666667,12.2,28,77.91,9.8,2,2,"Feather",72,1.44715803134222,1.08635983067475,1.89159320434897,0.991226075692495
"377",377,82.1,40.6,10.9,12.9,42.78,139.175,9.5,4,4,"Feather",75,1.63124078023551,1.11058971029925,2.14356122997898,0.977723605288848
"378",378,82.7,47.3,8.96666666666667,12.4,44.82,44.95,6.2,3,5,"Feather",64,1.65147185219904,1.09342168516224,1.65272969606925,0.792391689498254
"379",379,66.2,58.8,10.3,12.8,43.71,115.255,8.9,1,0,"Feather",57,1.64058080648965,1.10720996964787,2.06165977506218,0.949390006644913
"380",380,75.5,73,11.2333333333333,15.7,60.45,292.005,10.3,2,1,"Feather",63,1.78139630519679,1.19589965240923,2.4653902879341,1.01283722470517
"381",381,55.6,51.9,15.8,20.7,46.07,231.695,14.9,5,3,"Feather",61,1.66341821225268,1.31597034545692,2.36491666177513,1.17318626841227
"382",382,56.7,52.8,9.96666666666667,12.6,30.2,131.88,8.4,3,4,"Feather",61,1.48000694295715,1.10037054511756,2.12017893847112,0.924279286061882
"383",383,93.9,39,8.4,9.8,32,156.64,8.8,2,3,"Feather",70,1.50514997831991,0.991226075692495,2.19490267445906,0.944482672150169
"384",384,45.7,40.7,6.23333333333333,9,11.66,116.025,8.5,2,1,"Feather",61,1.066698550423,0.954242509439325,2.06455157709107,0.929418925714293
"385",385,46.4,40,9.73333333333333,12.4,13.96,55.87,7.4,5,3,"Feather",66,1.14488541828714,1.09342168516224,1.74717867136016,0.869231719730976
"386",386,40.5,25.2,7.06666666666667,9.8,4.28,93.33,10.2,5,3,"Feather",66,0.631443769013172,0.991226075692495,1.97002126582837,1.00860017176192
"387",387,60.9,33.4,5.6,6.3,13.4,63.0674725208151,5.5,4,3,"Feather",64,1.12710479836481,0.799340549453582,1.79980542664485,0.740362689494244
"388",388,53.4,42.6,4.76666666666667,6.1,12.11,72.18,3.6,4,2,"Feather",65,1.08314414314305,0.785329835010767,1.85841687772349,0.556302500767287
"389",389,32.6,54.5,8.16666666666667,10.7,14.36,281.98,9.2,5,0,"Feather",52,1.15715443990628,1.02938377768521,2.45021830619999,0.963787827345555
"390",390,30.2,39.3,7.43333333333333,9.5,11.36,163.215,9.3,1,0,"Feather",70,1.055378331375,0.977723605288848,2.21276006935578,0.968482948553935
"391",391,50.1,41.8,6.76666666666667,8.2,12,82.9380460547705,6,3,2,"Feather",83,1.07918124604762,0.913813852383717,1.91875379956396,0.778151250383644
"392",392,45.5,43,7.53333333333333,10,12.23,107.5,10,4,2,"Feather",66,1.08742645703629,1,2.03140846425162,1
"393",393,70.5,51.5,6.7,7.2,24.08,75.24,6.6,4,3,"Feather",63,1.38165648258579,0.857332496431269,1.87644878687834,0.819543935541869
"394",394,65.7,47.2,15.6333333333333,16.2,48.55,110.76,7.8,3,2,"Feather",59,1.68618923424402,1.20951501454263,2.04438294707354,0.89209460269048
"395",395,65.4,71.8,12.4333333333333,15.9,52.57,324.81,16.2,3,2,"Feather",63,1.72073797701843,1.20139712432045,2.51162939149883,1.20951501454263
"396",396,77.8,74,15.7333333333333,19.2,83.17,575.72,14.8,2,3,"Feather",68,1.91996670148339,1.28330122870355,2.76021131672067,1.17026171539496
"397",397,70.8,40.4,14.5666666666667,18.8,22.41,35.5,5,3,2,"Feather",71,1.35044185653506,1.27415784926368,1.55022835305509,0.698970004336019
"398",398,48.2,52.3,16.9333333333333,19.8,46.64,147.325,8.3,3,2,"Feather",62,1.66875854175096,1.29666519026153,2.16827644976719,0.919078092376074
"399",399,33.2,29.2,5.86666666666667,7.5,3.6,14.4984500963169,2.6,3,3,"Feather",71,0.556302500767287,0.8750612633917,1.16132157805606,0.414973347970818
"400",400,38,32.6,6.36666666666667,7,5.16,21.9911485751286,4,2,1,"Feather",78,0.712649701627211,0.845098040014257,1.34224791270839,0.602059991327962
"401",401,38.1,23.2,5.7,6.5,3.83,36.72,5.1,5,4,"Feather",70,0.583198773968623,0.812913356642856,1.5649026725292,0.707570176097936
"402",402,55.6,44.5,10.7,12.2,21.1,62.645,6.7,4,3,"Feather",61,1.32428245529769,1.08635983067475,1.79688641357334,0.826074802700826
"403",403,43,29.4,5.9,6.2,4.88,29.155,4.9,4,2,"Feather",69,0.688419822002711,0.792391689498254,1.46471304575706,0.690196080028514
"404",404,29.1,39,6.5,8.6,4.2,49.32,7.2,5,2,"Hinge",71,0.6232492903979,0.934498451243568,1.69302306792369,0.857332496431269
"405",405,40.5,25.5,7.4,9.2,5.61,128.375,6.5,5,3,"Feather",55,0.748962861256161,0.963787827345555,2.10848045660533,0.812913356642856
"406",406,42.6,19.7,5.93333333333333,6.9,3.56,38.8,4,5,2,"Feather",67,0.551449997972875,0.838849090737255,1.58883172559421,0.602059991327962
"407",407,43,35.9,7.33333333333333,8.8,7.4,45.78,4.2,5,2,"Feather",69,0.869231719730976,0.944482672150169,1.66067578833852,0.6232492903979
"408",408,41.3,31.8,5.4,6.9,5.16,28.885,5.3,5,3,"Feather",69,0.712649701627211,0.838849090737255,1.46067237187743,0.724275869600789
"409",409,31.8,32.6,10.3666666666667,12.2,9.36,208.44,10.8,5,3,"Feather",65,0.971275848738105,1.08635983067475,2.31898106449472,1.03342375548695
"410",410,26.8,38.4,5.26666666666667,6.8,4.05,105.494681307545,7.3,5,0,"Step",86,0.607455023214668,0.832508912706236,2.02323056449616,0.863322860120456
"411",411,36.8,23.6,5.06666666666667,6,3.97,65.325,6.5,5,4,"Feather",83,0.598790506763115,0.778151250383644,1.81507941839936,0.812913356642856
"412",412,51.7,48.9,10.6666666666667,14.1,19.61,70.98,9.1,4,2,"Feather",75,1.29247759366778,1.14921911265538,1.85113599501157,0.959041392321094
"413",413,32.2,20.8,5.76666666666667,7.6,3.82,72.365,4.1,3,2,"Hinge",69,0.582063362911709,0.880813592280791,1.85952856644358,0.612783856719735
"414",414,34.3,24.1,3.56666666666667,5.3,2.01,48.635,7.1,5,3,"Feather",78,0.303196057420489,0.724275869600789,1.6869489202115,0.851258348719075
"415",415,45,29.2,6.93333333333333,8.2,6.05,47.85,8.7,2,1,"Hinge",90,0.781755374652469,0.913813852383717,1.67988194211286,0.939519252618618
"416",416,51.5,46.3,10.7,15.4,17.17,75.65,8.5,3,2,"Feather",62,1.23477029516092,1.18752072083646,1.87880893235921,0.929418925714293
"417",417,61.2,56.2,18.0666666666667,25.1,35.31,84,10.5,5,3,"Feather",58,1.5478977175631,1.39967372148104,1.92427928606188,1.02118929906994
"418",418,27.4,41.4,8.43333333333333,10.6,4.62,122.76,12.4,5,2,"Feather",59,0.664641975556125,1.02530586526477,2.08905687975978,1.09342168516224
"419",419,26.8,42.8,9.86666666666667,12.6,7.84,41.16,4.9,1,0,"Feather",44,0.894316062684438,1.10037054511756,1.6144753660904,0.690196080028514
"420",420,37.8,28.7,5.4,6.1,3.92,22.425,3.9,5,3,"Hinge",66,0.593286067020457,0.785329835010767,1.35073245171613,0.591064607026499
"421",421,38,34.6,11.1666666666667,12.8,11.11,152.75,13,2,2,"Feather",72,1.04571405894087,1.10720996964787,2.18398121891459,1.11394335230684
"422",422,43,60.3,8,10.8,10.98,93.5,10,5,2,"Feather",64,1.04060234011407,1.03342375548695,1.97081161087252,1
"423",423,35.9,20.6,4.16666666666667,4.6,2.5,26.3893782901543,3.5,4,2,"Feather",70,0.397940008672038,0.662757831681574,1.42142915875602,0.544068044350276
"424",424,48.6,53.8,11.4333333333333,16,16.82,29.7,5.5,5,3,"Feather",54,1.22582599146189,1.20411998265592,1.47275644931721,0.740362689494244
"425",425,55.3,35.4,8,10.3,11.37,31.6,4,5,5,"Feather",65,1.05576046468773,1.01283722470517,1.4996870826184,0.602059991327962
"426",426,46.1,44.4,12.6,15.2,17.24,145.6,9.1,2,2,"Feather",74,1.23653726148869,1.18184358794477,2.16316137497702,0.959041392321094
"427",427,44.9,46.6,11.5,13.3,18.95,90.9,9,5,2,"Hinge",65,1.27760921430409,1.12385164096709,1.95856388322197,0.954242509439325
"428",428,31.8,27,4.66666666666667,5.3,2.28,34.32,6.6,4,2,"Feather",71,0.357934847000454,0.724275869600789,1.53554727917667,0.819543935541869
"429",429,30.8,23.2,6.3,7.1,3.12,24,4.8,5,3,"Feather",60,0.494154594018443,0.851258348719075,1.38021124171161,0.681241237375587
"430",430,58.8,47.6,10.3666666666667,13.7,17.77,118.3,13,5,4,"Feather",66,1.2496874278053,1.13672056715641,2.07298474462793,1.11394335230684
"431",431,27.2,26.4,7.8,8.7,3.12,7.77,3.7,5,2,"Feather",53,0.494154594018443,0.939519252618618,0.890421018800914,0.568201724066995
"432",432,45.9,26.5,9.5,11.4,7.78,100.45,9.8,5,3,"Feather",85,0.890979596989689,1.05690485133647,2.00194994108427,0.991226075692495
"433",433,39.2,25.8,6.83333333333333,7.5,4.71,7.77544181763474,2.2,2,1,"Feather",76,0.673020907128896,0.8750612633917,0.890725075963721,0.342422680822206
"434",434,34,37,7.26666666666667,9.1,5.55,71.225,7.7,4,2,"Feather",75,0.744292983122676,0.959041392321094,1.85263245791151,0.886490725172482
"435",435,33.1,35.6,4.63333333333333,5.3,3.2,12.5663706143592,2.5,4,2,"Feather",74,0.505149978319906,0.724275869600789,1.0992098640221,0.397940008672038
"436",436,34.3,30.4,10.2,12.1,8.05,139.5,10,3,2,"Feather",71,0.905795880367869,1.08278537031645,2.14457420760962,1
"437",437,29.6,31.5,7.6,9,4.9,97.1930227204342,7.5,2,1,"Feather",59,0.690196080028514,0.954242509439325,1.98763508897178,0.8750612633917
"438",438,34.1,40.4,9.7,12.8,4.66,13.6345121165797,2.8,3,2,"Feather",79,0.66838591669,1.10720996964787,1.13463960220664,0.447158031342219
"439",439,47.1,56.3,13.2666666666667,21.5,18.39,86.275,8.5,2,2,"Feather",61,1.26458172923808,1.33243845991561,1.93588496796352,0.929418925714293
"440",440,51.6,40.8,13.0333333333333,14.9,15.49,27.8816348006094,5,2,1,"Feather",85,1.19005141775921,1.17318626841227,1.44531823442127,0.698970004336019
"441",441,42.8,25.5,11.1,12.3,9.32,62.494131861535,7.3,5,3,"Feather",77,0.969415912353981,1.0899051114394,1.79583923942725,0.863322860120456
"442",442,31,32.4,6.73333333333333,7.1,4.38,50.75,7,2,1,"Hinge",63,0.6414741105041,0.851258348719075,1.70543604658525,0.845098040014257
"443",443,30.5,31.1,7.66666666666667,9.3,4.7,39.865,6.7,5,2,"Feather",71,0.672097857935718,0.968482948553935,1.60059176842938,0.826074802700826
"444",444,36.1,34.3,5.23333333333333,6.8,4.41,16.625,2.5,5,3,"Feather",85,0.644438589467838,0.832508912706236,1.22076165397514,0.397940008672038
"445",445,45.3,39,9.9,11.8,9.91,57.1769862953342,6.5,5,4,"Feather",80,0.996073654485275,1.07188200730613,1.75722126067921,0.812913356642856
"446",446,56.2,31,11.2,14.2,11.39,118.8,12,3,1,"Feather",73,1.0565237240791,1.15228834438306,2.07481644064517,1.07918124604762
"447",447,48.7,63,11.9666666666667,16.6,23.85,68,6.8,2,2,"Feather",66,1.37748838337613,1.22010808804006,1.83250891270624,0.832508912706236
"448",448,61.2,38.8,15.4666666666667,18.8,16.09,19.3522107461131,4.4,5,3,"Feather",64,1.20655604409903,1.27415784926368,1.28673058485856,0.643452676486187
"449",449,41.2,23.5,9.9,12.2,5.9,69.255,8.1,5,3,"Feather",76,0.770852011642144,1.08635983067475,1.84045113360682,0.90848501887865
"450",450,70.9,50.5,14.2,15.3,35.03,121.23406050203,6.8,5,3,"Feather",70,1.54444013731769,1.1846914308176,2.08362465126553,0.832508912706236
"451",451,62.1,46,11.1,13.9,17.8,71.81,8.6,5,2,"Feather",69,1.25042000230889,1.1430148002541,1.85618492672717,0.934498451243568
"452",452,54.3,46.5,16.5666666666667,18,23.39,151.9,14,5,3,"Feather",58,1.36903022180915,1.25527250510331,2.18155777386279,1.14612803567824
"453",453,36.2,23.7,7.76666666666667,9.2,3.42,80.2519843359513,7.8,5,2,"Feather",76,0.534026106056135,0.963787827345555,1.90445577971242,0.89209460269048
"454",454,36.3,26.7,8.26666666666667,9.3,5.97,49.5,7.5,5,3,"Feather",88,0.775974331129369,0.968482948553935,1.69460519893357,0.8750612633917
"455",455,74.2,47.1,6.6,10.3,13.13,35.88,6.9,3,0,"Feather",80,1.11826472608948,1.01283722470517,1.55485243437205,0.838849090737255
"456",456,76.3,75.2,14.4666666666667,15.6,57,170.05,9.5,3,2,"Feather",68,1.75587485567249,1.19312459835446,2.23057663626874,0.977723605288848
"457",457,40.3,28.2,8.96666666666667,10.6,7.36,8.67079572390783,2.3,5,3,"Feather",56,0.866877814337499,1.02530586526477,0.938058954759352,0.361727836017593
"458",458,46.7,26.4,12.0333333333333,13.6,7.98,43.24,4.6,5,3,"Feather",65,0.902002891350729,1.13353890837022,1.63588568528127,0.662757831681574
"459",459,26.2,25.8,7.16666666666667,8.8,2.33,20.24,4.4,5,2,"Feather",50,0.367355921026019,0.944482672150169,1.30621050816776,0.643452676486187
"460",460,53.2,26.5,7.7,11.8,5.78,45.795,7.1,5,2,"Feather",74,0.761927838420529,1.07188200730613,1.66081806335434,0.851258348719075
"461",461,36.3,33.8,6.5,7.2,4.89,29.76,4.8,5,3,"Feather",71,0.68930885912362,0.857332496431269,1.47363292687384,0.681241237375587
"462",462,40.3,38.5,6.76666666666667,8.7,7.93,146.15,7.4,2,2,"Feather",68,0.899273187317604,0.939519252618618,2.16479881969346,0.869231719730976
"463",463,67.8,64.5,13.7333333333333,16.7,44.01,477.95,15.8,3,3,"Feather",90,1.64355136856295,1.22271647114758,2.67938246594291,1.19865708695442
"464",464,32.5,32.3,5.46666666666667,5.9,4.41,71.1963435119787,4.9,5,3,"Feather",85,0.644438589467838,0.770852011642144,1.8524576897977,0.690196080028514
"465",465,56.1,59.9,20.2,23,37.98,193.2,14,2,1,"Feather",78,1.579554960401,1.36172783601759,2.28600712207947,1.14612803567824
"466",466,62.6,66,9.1,13.3,13.02,29.1,6,5,3,"Feather",74,1.11461098423217,1.12385164096709,1.46389298898591,0.778151250383644
"467",467,57.8,55.8,8.63333333333333,8.8,16.98,82.6317407710455,6.3,2,1,"Feather",85,1.22993768590793,0.944482672150169,1.91714690196734,0.799340549453582
"468",468,24.4,18.6,5.2,6.8,1.22,103.79,19.4,5,2,"Feather",61,0.0863598306747482,0.832508912706236,2.01615551195145,1.28780172993023
"469",469,30.4,25.7,7,9.1,3.57,27.3318560862312,4,3,3,"Feather",75,0.552668216112193,0.959041392321094,1.43666912531275,0.602059991327962
"470",470,27.5,25.2,8.8,11.3,2.65,23.76,4.8,3,2,"Feather",55,0.423245873936808,1.05307844348342,1.37584643630916,0.681241237375587
"471",471,20.9,20.3,4.96666666666667,5.6,1.63,57.75,7,5,1,"Feather",75,0.212187604403958,0.7481880270062,1.76155198856418,0.845098040014257
"472",472,37,29.8,6.53333333333333,7.4,4.66,35.52,3.7,1,0,"Feather",74,0.66838591669,0.869231719730976,1.55047295710656,0.568201724066995
"473",473,32,24.7,5.2,5.9,2.98,31.85,3.5,4,3,"Feather",65,0.474216264076255,0.770852011642144,1.50310943667137,0.544068044350276
"474",474,27,18.3,7.06666666666667,8.8,2.77,12.92,3.8,4,3,"Feather",69,0.442479769064449,0.944482672150169,1.11126251365907,0.57978359661681
"475",475,22,24.5,3.63333333333333,4.7,1.33,39.84,4.8,5,1,"Feather",59,0.123851640967086,0.672097857935718,1.60031932975166,0.681241237375587
"476",476,22.8,25.4,5.03333333333333,6.7,1.64,41.34,7.8,5,2,"Feather",66,0.214843848047698,0.826074802700826,1.61637047229127,0.89209460269048
"477",477,20.6,27.8,6.56666666666667,7.5,2.15,38.28,6.6,5,2,"Feather",72,0.332438459915605,0.8750612633917,1.58297192910481,0.819543935541869
"478",478,55.2,33,9.96666666666667,12.4,18.29,104.13,11.7,1,0,"Feather",55,1.26221370547642,1.09342168516224,2.01757586839107,1.06818586174616
"479",479,53,43.9,23.4666666666667,24.2,57.17,359.08,18.8,2,1,"Hinge",55,1.75716819221427,1.38381536598043,2.55519121651141,1.27415784926368
"480",480,43.1,55.1,13.9666666666667,19.8,29.49,418.2,20.4,3,2,"Feather",50,1.4696747725518,1.29666519026153,2.62138402848165,1.3096301674259
"481",481,63.3,45.6,11.4333333333333,11.7,32.64,129.34,11.6,1,0,"Feather",59,1.51375015008182,1.06818586174616,2.1117328566111,1.06445798922692
"482",482,65.7,47.5,14.2666666666667,16.6,46.43,158.4,16,3,3,"Feather",56,1.66679868366617,1.22010808804006,2.19975517725347,1.20411998265592
"483",483,70.7,30.4,8.6,11,17.12,53.55,7,2,2,"Feather",59,1.23350376034113,1.04139268515823,1.72875947516787,0.845098040014257
"484",484,51.5,29.4,6.56666666666667,7.3,10.96,19.52,3.2,2,1,"Hinge",69,1.03981055414835,0.863322860120456,1.29047981333067,0.505149978319906
"485",485,59.8,51.1,13.0333333333333,18.3,42.7,375.25,19,2,1,"Feather",48,1.63042787502502,1.26245108973043,2.57432070091531,1.27875360095283
"486",486,67,40.4,9.36666666666667,11,22.21,24.75,5.5,2,1,"Feather",59,1.34654855854847,1.04139268515823,1.39357520326959,0.740362689494244
"487",487,58.6,44.8,11.4,13.7,42.1,206.925,8.9,3,3,"Feather",60,1.62428209583567,1.13672056715641,2.31581296387089,0.949390006644913
"488",488,68.7,59.7,16.5,17.2,70.24,96.17,11.8,3,3,"Hinge",74,1.84658450289805,1.23552844690755,1.9830396160461,1.07188200730613
"489",489,77.4,48.5,12.6666666666667,13.8,49.96,151.11,13.8,4,3,"Feather",54,1.6986224297021,1.13987908640124,2.17929320557737,1.13987908640124
"490",490,59.1,55,17.2666666666667,22.7,38.45,314.36,11.6,3,3,"Step",45,1.58489634413745,1.35602585719312,2.49742728010132,1.06445798922692
"491",491,70.2,48.3,12.2,13.3,41.24,170.18,13.4,4,2,"Step",62,1.61531865661148,1.12385164096709,2.23090851932076,1.12710479836481
"492",492,48.3,55.9,15.6,19.7,28.54,155.194677087336,8,3,1,"Feather",73,1.45545396877863,1.29446622616159,2.19087682161778,0.903089986991944
"493",493,52,44.1,10.2666666666667,11.8,29.61,279.84,13.2,4,3,"Feather",50,1.4714384073893,1.07188200730613,2.4469097921346,1.12057393120585
"494",494,63.1,39.2,7.66666666666667,9,16.44,229.95,9,4,2,"Feather",65,1.21590181320403,0.954242509439325,2.36163341391006,0.954242509439325
"495",495,42,34.3,8.73333333333333,11,10.86,53.13,7.7,3,2,"Feather",55,1.03582982525283,1.04139268515823,1.72533981590974,0.886490725172482
"496",496,46.8,33.5,7.93333333333333,8.1,12.37,102.48,8.4,5,4,"Hinge",48,1.09236969962912,0.90848501887865,2.01063911673663,0.924279286061882
"497",497,51.1,28.4,10.4,11.1,11.94,41.58,6.3,5,3,"Feather",58,1.07700432679335,1.04532297878666,1.61888448499545,0.799340549453582
"498",498,45,30.3,9.1,12.3,11.82,10.7442468752771,1.9,5,2,"Feather",46,1.07261747654524,1.0899051114394,1.03117597875027,0.278753600952829
"499",499,35.5,33,6.06666666666667,8.1,4.91,11.845,2.3,5,3,"Feather",55,0.691081492122968,0.90848501887865,1.07353506505878,0.361727836017593
"500",500,43.1,31.8,4.9,6.1,6.58,95.26,4.4,5,3,"Feather",74,0.818225893613955,0.785329835010767,1.97891057717557,0.643452676486187
